,Products Name,Prices,Descriptions,Reviews
0,"IQOO 15R 5G (Dark Knight, 256 GB)","₹48,290",8 GB RAM | 256 GB ROM16.74 cm (6.59 inch) Display50MP Rear Camera7600 mAh Battery12 Months Brand Warranty,4.6
1,"OPPO Reno14 5G (Pearl White, 256 GB)","₹42,999",8 GB RAM | 256 GB ROM16.74 cm (6.59 inch) Display50MP + 8MP + 50MP | 50MP Front Camera6000 mAh BatteryDimensity 8350 Processor1 Year Manufacturer Warranty for Device and 6 Months Manufacturer Warranty for Inbox Accessories,4.4
2,"OPPO Reno15 5G (Twilight Blue, 256 GB)","₹47,999",8 GB RAM | 256 GB ROM16.74 cm (6.59 inch) Full HD+ Display50MP + 50MP + 8MP | Yes6500 mAh Battery7 Gen 4 Processor1 Year Manufacturer Warranty for Device and 6 Months Manufacturer Warranty for Inbox Accessories,4.5
3,"OnePlus 12 (Glacial White, 256 GB)","₹49,199",12 GB RAM | 256 GB ROM17.32 cm (6.82 inch) Full HD+ AMOLED Display50MP Rear Camera5400 mAh BatteryQualcomm SM8650-AB Snapdragon 8 Gen 3 (4 nm) Processor1 Year manufacturer warranty for device and 1 year manufacturer warranty for in-box accessories including batteries from the date of purchase,4.6
4,"OPPO Reno15c 5G (Afterglow Pink, 256 GB)","₹44,999",12 GB RAM | 256 GB ROM16.69 cm (6.57 inch) Full HD+ Display50MP + 8MP + 2MP | Yes7000 mAh Battery6 Gen 1 Processor1 Year Manufacturer Warranty for Device and 6 Months Manufacturer Warranty for Inbox Accessories,4.4
5,"OPPO Reno14 5G (Forest Green, 512 GB)","₹47,999",12 GB RAM | 512 GB ROM16.74 cm (6.59 inch) Display50MP + 8MP + 50MP | 50MP Front Camera6000 mAh BatteryDimensity 8350 Processor1 Year Manufacturer Warranty for Device and 6 Months Manufacturer Warranty for Inbox Accessories,4.5
6,"OPPO Reno14 5G (Forest Green, 256 GB)","₹42,999",8 GB RAM | 256 GB ROM16.74 cm (6.59 inch) Display50MP + 8MP + 50MP | 50MP Front Camera6000 mAh BatteryDimensity 8350 Processor1 Year Manufacturer Warranty for Device and 6 Months Manufacturer Warranty for Inbox Accessories,4.4
7,"Google Pixel 10a (Obsidian, 256 GB)","₹49,999",8 GB RAM | 256 GB ROM16.0 cm (6.3 inch) Full HD+ AMOLED Display48MP + 13MP | 13MP Front Camera5100 mAh Lithium BatteryTensor G4 Processor1 year domestic warranty,4.5
8,"Samsung Galaxy S24 FE 5G (Blue, 256 GB)","₹45,999",8 GB RAM | 256 GB ROM17.02 cm (6.7 inch) Full HD+ Display50MP + 12MP + 8MP | 10MP Front Camera4700 mAh BatteryExynos 2400e Processor1 Year Manufacturer Warranty for Device and 6 Months for In-Box Accessories,4.5
9,"MOTOROLA Razr 60 (PANTONE Spring Bud, 256 GB)","₹49,999",8 GB RAM | 256 GB ROM17.53 cm (6.9 inch) Full HD+ Display50MP + 13MP | 32MP Front Camera4500 mAh BatteryDimensity 7400X Processor1 Year Warranty on Handset and 6 Months Warranty on Accessories,4.4
10,"vivo V60 5G (Moonlit Blue, 512 GB)","₹45,499",16 GB RAM | 512 GB ROM17.2 cm (6.77 inch) Display50MP + 8MP + 50MP | 50MP Front Camera6500 mAh Battery7 Gen 4 Processor1 Year Manufacturer Warranty for Device and 6 Months Manufacturer Warranty for Inbox Accessories,4.5
11,"vivo V70 (Passion Red, 256 GB)","₹49,999",8 GB RAM | 256 GB ROM16.74 cm (6.59 inches) Full HD+ AMOLED Display50MP + 50MP + 8MP | Yes6500 mAh Li-ion battery BatterySnapdragon 7 Gen 4 Processor1 Year Warranty on Handset and 6 Months Warranty on Accessories,4.6
12,"Nothing Phone (4a) (White, 256 GB)","₹40,999",12 GB RAM | 256 GB ROM17.22 cm (6.78 inch) Full HD+ AMOLED Display50MP + 50MP + 8MP | 32MP Front Camera5400 mAh Lithium ion BatterySnapdragon 7s Gen 4 Processor1 Year Manufacturing Warranty,4.5
13,"Google Pixel 10a (Fog, 256 GB)","₹49,999",8 GB RAM | 256 GB ROM16.0 cm (6.3 inch) Full HD+ AMOLED Display48MP + 13MP | 13MP Front Camera5100 mAh Lithium BatteryTensor G4 Processor1 year domestic warranty,4.5
14,"OPPO Reno14 5G (Forest Green, 256 GB)","₹44,999",12 GB RAM | 256 GB ROM16.74 cm (6.59 inch) Display50MP + 8MP + 50MP | 50MP Front Camera6000 mAh BatteryDimensity 8350 Processor1 Year Manufacturer Warranty for Device and 6 Months Manufacturer Warranty for Inbox Accessories,4.5
15,"Xiaomi 14 CIVI (Panda White, 512 GB)","₹49,999",12 GB RAM | 512 GB ROM16.64 cm (6.55 inch) Display50MP Rear Camera | 32MP + 32MP Dual Front Camera4700 mAh Battery8s Gen 3 Mobile Platform Processor1 Year Manufacturer Warranty for Phone and 6 Months Warranty for In the Box Accessories,4.3
16,"Samsung Galaxy S24 FE 5G (Graphite, 256 GB)","₹45,999",8 GB RAM | 256 GB ROM17.02 cm (6.7 inch) Full HD+ Display50MP + 12MP + 8MP | 10MP Front Camera4700 mAh BatteryExynos 2400e Processor1 Year Manufacturer Warranty for Device and 6 Months for In-Box Accessories,4.5
17,"OnePlus 13R 5g (Astral Trail, 256 GB)","₹44,999",12 GB RAM | 256 GB ROM17.22 cm (6.78 inch) Display50MP Rear Camera6000 mAh Battery1 year manufacturer warranty for device and 1 year manufacturer warranty for in-box accessories including batteries from the date of purchase,4.5
18,"OnePlus 13R 5G (Nebula Noir, 256 GB)","₹44,999",12 GB RAM | 256 GB ROM17.22 cm (6.78 inch) Display50MP Rear Camera6000 mAh Battery1 year manufacturer warranty for device and 1 year manufacturer warranty for in-box accessories including batteries from the date of purchase,4.5
19,"OPPO Reno13 5G (Ivory White, 256 GB)","₹40,999",8 GB RAM | 256 GB ROM16.74 cm (6.59 inch) Display50MP + 8MP + 2MP | 50MP Front Camera5600 mAh BatteryDimensity 8350 Processor1 Year Warranty on Handset and 6 Months Warranty on Accessories,4.4
20,"OPPO Reno15 5G (Aurora Blue, 256 GB)","₹47,999",8 GB RAM | 256 GB ROM16.74 cm (6.59 inch) Full HD+ Display50MP + 50MP + 8MP | Yes6500 mAh Battery7 Gen 4 Processor1 Year Manufacturer Warranty for Device and 6 Months Manufacturer Warranty for Inbox Accessories,4.5
21,"vivo V70 (Lemon Yellow, 256 GB)","₹49,999",8 GB RAM | 256 GB ROM16.74 cm (6.59 inches) Full HD+ AMOLED Display50MP + 50MP + 8MP | Yes6500 mAh Li-ion battery BatterySnapdragon 7 Gen 4 Processor1 Year Warranty on Handset and 6 Months Warranty on Accessories,4.6
22,"Samsung Galaxy A36 5G (Awesome Black, 256 GB)","₹37,799",12 GB RAM | 256 GB ROM17.02 cm (6.7 inch) Full HD+ Display50MP + 8MP | 12MP Front Camera5000 mAh BatteryQualcomm Snapdragon 6 Gen 3 Processor1 Year Manufacturer Warranty for Device and 6 Months for In-Box Accessories,4.4
23,"Xiaomi 14 CIVI (Hot Pink, 512 GB)","₹44,999",12 GB RAM | 512 GB ROM16.64 cm (6.55 inch) Display50MP Rear Camera | 32MP + 32MP Dual Front Camera4700 mAh Battery8s Gen 3 Mobile Platform Processor1 Year Manufacturer Warranty for Phone and 6 Months Warranty for In the Box Accessories,4.3
24,"Google Pixel 10a (Berry, 256 GB)","₹49,999",8 GB RAM | 256 GB ROM16.0 cm (6.3 inch) Full HD+ AMOLED Display48MP + 13MP | 13MP Front Camera5100 mAh Lithium BatteryTensor G4 Processor1 year domestic warranty,4.5
25,"Samsung Galaxy A36 5G (Awesome Lavender, 256 GB)","₹37,604",12 GB RAM | 256 GB ROM17.02 cm (6.7 inch) Full HD+ Display50MP + 8MP | 12MP Front Camera5000 mAh BatteryQualcomm Snapdragon 6 Gen 3 Processor1 Year Manufacturer Warranty for Device and 6 Months for In-Box Accessories,4.4
26,"OnePlus 13s 5G (Black Velvet, 512 GB)","₹55,966",12 GB RAM | 512 GB ROM16.05 cm (6.32 inch) Display50MP Rear Camera5850 mAh Battery1 Year Warranty,4.6
27,"Google Pixel 10a (Lavender, 256 GB)","₹49,999",8 GB RAM | 256 GB ROM16.0 cm (6.3 inch) Full HD+ AMOLED Display48MP + 13MP | 13MP Front Camera5100 mAh Lithium BatteryTensor G4 Processor1 year domestic warranty,4.5
28,"OPPO Reno14 5G (Pearl White, 256 GB)","₹44,999",12 GB RAM | 256 GB ROM16.74 cm (6.59 inch) Display50MP + 8MP + 50MP | 50MP Front Camera6000 mAh BatteryDimensity 8350 Processor1 Year Manufacturer Warranty for Device and 6 Months Manufacturer Warranty for Inbox Accessories,4.5
29,"Samsung Galaxy A55 5G (Awesome Navy, 256 GB)","₹35,867",8 GB RAM | 256 GB ROM | Expandable Upto 1 TB16.76 cm (6.6 inch) Full HD+ Display50MP + 12MP + 5MP | 32MP Front Camera5000 mAh BatteryExynos 1480 Processor1 Year Manufacturer Warranty for Device and 6 Months for In-Box Accessories,4.4
30,"OnePlus 13s 5G (Black Velvet, 256 GB)","₹51,373",12 GB RAM | 256 GB ROM16.05 cm (6.32 inch) Display50MP Rear Camera5850 mAh Battery1 Year Warranty,4.6
31,"IQOO 15R 5G (Dark Knight, 256 GB)","₹50,599",12 GB RAM | 256 GB ROM16.74 cm (6.59 inch) Display50MP Rear Camera7600 mAh Battery12 Months Brand Warranty,4.6
32,"Samsung Galaxy S21 FE 5G (Olive Green, 128 GB)","₹49,999",8 GB RAM | 128 GB ROM16.26 cm (6.4 inch) Full HD+ Display12MP + 12MP + 8MP (OIS) | 32MP Front Camera4500 mAh Lithium-ion Battery1 Year Manufacturer Warranty for Device and 6 Months Manufacturer Warranty for In-Box Accessories,4.3
33,"OPPO Reno15 5G (Glacier White, 512 GB)","₹55,999",12 GB RAM | 512 GB ROM16.74 cm (6.59 inch) Full HD+ Display50MP + 50MP + 8MP | Yes6500 mAh Battery7 Gen 4 Processor1 Year Manufacturer Warranty for Device and 6 Months Manufacturer Warranty for Inbox Accessories,4.5
34,"OPPO Reno13 5G (Sky Blue, 512 GB)","₹41,999",12 GB RAM | 512 GB ROM16.74 cm (6.59 inch) Display50MP + 8MP + 2MP | 50MP Front Camera5600 mAh BatteryDimensity 8350 Processor1 Year Warranty on Handset and 6 Months Warranty on Accessories,4.5
35,"OPPO Reno 12 5G (Matte Brown, 256 GB)","₹43,999",8 GB RAM | 256 GB ROM | Expandable Upto 1 TB17.02 cm (6.7 inch) Full HD+ Display50MP + 8MP + 2MP | 32MP Front Camera5000 mAh BatteryDimensity 7300 Energy Processor1 Year Manufacturer Warranty for Device and 6 Months Manufacturer Warranty for Inbox Accessories,4.4
36,"Samsung Galaxy A54 5G (Awesome Graphite, 128 GB)","₹41,999","8 GB RAM | 128 GB ROM | Expandable Upto 1 TB16.26 cm (6.4 inch) Full HD+ Display50MP + 12MP + 5MP | 32MP Front Camera5000 mAh BatteryExynos 1380, Octa Core Processor1 Year Manufacturer Warranty for Device and 6 Months Manufacturer Warranty for In-Box Accessories",4.3
37,"OPPO Reno14 5G (Pearl White, 512 GB)","₹47,999",12 GB RAM | 512 GB ROM16.74 cm (6.59 inch) Display50MP + 8MP + 50MP | 50MP Front Camera6000 mAh BatteryDimensity 8350 Processor1 Year Manufacturer Warranty for Device and 6 Months Manufacturer Warranty for Inbox Accessories,4.5
38,"Samsung Galaxy A54 5G (Awesome Violet, 128 GB)","₹41,999","8 GB RAM | 128 GB ROM | Expandable Upto 1 TB16.26 cm (6.4 inch) Full HD+ Display50MP + 12MP + 5MP | 32MP Front Camera5000 mAh BatteryExynos 1380, Octa Core Processor1 Year Manufacturer Warranty for Device and 6 Months Manufacturer Warranty for In-Box Accessories",4.3
39,"realme GT 6T 5G (Fluid Silver, 512 GB)","₹39,116",12 GB RAM | 512 GB ROM17.22 cm (6.78 inch) Display50MP Rear Camera5500 mAh Battery1 Year,4.5
40,"Nothing Phone (4a) Pro (Silver, 256 GB)","₹55,999",12 GB RAM | 256 GB ROM17.35 cm (6.83 inch) Full HD+ AMOLED Display50MP + 50MP + 8MP | 32MP Front Camera5400 mAh Lithium ion BatterySnapdragon 7 Gen 4 Processor1 Year Manufacturing Warranty,4.6
41,"OPPO Reno11 Pro 5G (Rock Grey, 256 GB)","₹44,999",12 GB RAM | 256 GB ROM17.02 cm (6.7 inch) Full HD+ Display50MP + 8MP + 32MP | 32MP Front Camera4600 mAh BatteryMediatek Dimensity 8200 Processor1 Year Manufacturer Warranty for Device and 6 Months Manufacturer Warranty for Inbox Accessories,4.4
42,"Samsung Galaxy A37 5G (Awesome Charcoal, 256 GB)","₹47,499",8 GB RAM | 256 GB ROM17.02 cm (6.7 inch) Full HD+ Super AMOLED Display50MP + 8MP | 12MP Front Camera5000 mAh Li-ion BatteryExynos 1480 Processor1 Year Manufacturer Warranty for Device and 6 Months for In-Box Accessories,4.3
43,"Samsung Galaxy A54 5G (Awesome Graphite, 256 GB)","₹35,560","8 GB RAM | 256 GB ROM | Expandable Upto 1 TB16.26 cm (6.4 inch) Full HD+ Display50MP + 12MP + 5MP | 32MP Front Camera5000 mAh BatteryExynos 1380, Octa Core Processor1 Year Manufacturer Warranty for Device and 6 Months Manufacturer Warranty for In-Box Accessories",4.3
44,"Samsung Galaxy A37 5G (Awesome Graygreen, 256 GB)","₹47,499",8 GB RAM | 256 GB ROM17.02 cm (6.7 inch) Full HD+ Super AMOLED Display50MP + 8MP | 12MP Front Camera5000 mAh Li-ion BatteryExynos 1480 Processor1 Year Manufacturer Warranty for Device and 6 Months for In-Box Accessories,4.3
45,"OnePlus 11 5G (Eternal Green, 128 GB)","₹39,999",8 GB RAM | 128 GB ROM17.02 cm (6.7 inch) Display50MP Rear Camera | 16MP Front Camera5000 mAh Batterydomestic warranty of 12 months on phone & 6 months on accessories,4.4
46,"Google Pixel 8a (Obsidian, 128 GB)","₹49,999",8 GB RAM | 128 GB ROM15.49 cm (6.1 inch) Full HD+ Display64MP + 13MP | 13MP Front Camera4404 mAh BatteryTensor G3 Processor1 Year Domestic Warranty,4.3
47,"OnePlus 13s 5G (Green Silk, 256 GB)","₹53,990",12 GB RAM | 256 GB ROM16.05 cm (6.32 inch) Display50MP Rear Camera5850 mAh Battery1 Year Warranty,4.6
48,"Xiaomi 11T Pro 5G Hyperphone (Meteorite Black, 256 GB)","₹48,476",12 GB RAM | 256 GB ROM16.94 cm (6.67 inch) Display108MP Rear Camera5000 mAh Battery12 months,4.1
49,"vivo V30 Pro 5G (Classic Black, 512 GB)","₹43,999",12 GB RAM | 512 GB ROM17.22 cm (6.78 inch) Full HD+ Display50MP + 50MP + 50MP | 50MP Front Camera5000 mAh BatteryDimensity 8200 5G Processor1 Year Manufacturer Warranty for Device and 6 Months Manufacturer Warranty for Inbox Accessories,4.5
50,"Google Pixel 8a (Porcelain, 128 GB)","₹49,999",8 GB RAM | 128 GB ROM15.49 cm (6.1 inch) Full HD+ Display64MP + 13MP | 13MP Front Camera4404 mAh BatteryTensor G3 Processor1 Year Domestic Warranty,4.3
51,"OnePlus 11R 5G (Galactic Silver, 256 GB)","₹41,999",16 GB RAM | 256 GB ROM17.02 cm (6.7 inch) Display50MP Rear Camera | 16MP Front Camera5000 mAh BatteryDomestic warranty of 12 months on phone & 6 months on accessories,4.5
52,"OPPO Reno15 5G (Twilight Blue, 512 GB)","₹55,999",12 GB RAM | 512 GB ROM16.74 cm (6.59 inch) Full HD+ Display50MP + 50MP + 8MP | Yes6500 mAh Battery7 Gen 4 Processor1 Year Manufacturer Warranty for Device and 6 Months Manufacturer Warranty for Inbox Accessories,4.5
53,"OnePlus 13 (Midnight Ocean, 256 GB)","₹60,999","12 GB RAM | 256 GB ROM17.32 cm (6.82 inch) Quad HD+ Display50MP + 50MP + 50MP | 32MP Front Camera6000 mAh BatterySnapdragon® 8 Elite Processor1 Year Warranty
1 year manufacturer warranty for device and 1 year manufacturer warranty for in-box accessories including batteries from the date of purchase",4.5
54,"vivo T3 Ultra (Frost Green, 256 GB)","₹31,999",12 GB RAM | 256 GB ROM17.22 cm (6.78 inch) Display50MP + 8MP | 50MP Front Camera5500 mAh BatteryDimensity 9200+ Processor1 Year Warranty on Handset and 6 Months Warranty on Accessories,4.5
55,"OPPO Reno 12 Pro 5G (Space Brown, 256 GB)","₹40,999",12 GB RAM | 256 GB ROM | Expandable Upto 1 TB17.02 cm (6.7 inch) Full HD+ Display50MP + 8MP + 50MP | 50MP Front Camera5000 mAh BatteryDimensity 7300 Energy Processor1 Year Manufacturer Warranty for Device and 6 Months Manufacturer Warranty for Inbox Accessories,4.4
56,"Google Pixel 8a (Bay, 128 GB)","₹49,999",8 GB RAM | 128 GB ROM15.49 cm (6.1 inch) Full HD+ Display64MP + 13MP | 13MP Front Camera4404 mAh BatteryTensor G3 Processor1 Year Domestic Warranty,4.3
57,"OPPO Reno10 Pro 5G (Silvery Grey, 256 GB)","₹44,999",12 GB RAM | 256 GB ROM17.02 cm (6.7 inch) Full HD+ Display50MP + 32MP + 8MP | 32MP Front Camera4600 mAh BatterySnapdragon 778G 5G Processor1 Year Manufacturer Warranty for Phone and 6 Months Warranty for In the Box Accessories,4.3
58,"OPPO Reno10 Pro 5G (Glossy Purple, 256 GB)","₹37,299",12 GB RAM | 256 GB ROM17.02 cm (6.7 inch) Full HD+ Display50MP + 32MP + 8MP | 32MP Front Camera4600 mAh BatterySnapdragon 778G 5G Processor1 Year Manufacturer Warranty for Phone and 6 Months Warranty for In the Box Accessories,4.3
59,"OnePlus 13s 5G (Green Silk, 512 GB)","₹55,983",12 GB RAM | 512 GB ROM16.05 cm (6.32 inch) Display50MP Rear Camera5850 mAh Battery1 Year Warranty,4.6
60,"vivo V30 Pro 5G (Andaman Blue, 512 GB)","₹43,999",12 GB RAM | 512 GB ROM17.22 cm (6.78 inch) Full HD+ Display50MP + 50MP + 50MP | 50MP Front Camera5000 mAh BatteryDimensity 8200 5G Processor1 Year Manufacturer Warranty for Device and 6 Months Manufacturer Warranty for Inbox Accessories,4.5
61,"OPPO Reno 12 Pro 5G (Sunset Gold, 256 GB)","₹41,203",12 GB RAM | 256 GB ROM | Expandable Upto 1 TB17.02 cm (6.7 inch) Full HD+ Display50MP + 8MP + 50MP | 50MP Front Camera5000 mAh BatteryDimensity 7300 Energy Processor1 Year Manufacturer Warranty for Device and 6 Months Manufacturer Warranty for Inbox Accessories,4.4
62,"Google Pixel 6a (Charcoal, 128 GB)","₹43,999",6 GB RAM | 128 GB ROM15.6 cm (6.14 inch) Full HD+ Display12.2MP + 12MP | 8MP Front Camera4410 mAh BatteryGoogle Tensor Processor1 Year Brand Warranty,4.3
63,"OnePlus 11 5G (Eternal Green, 128 GB)","₹38,948",8 GB RAM | 128 GB ROM17.02 cm (6.7 inch) Display50MP Rear Camera5000 mAh Batterydomestic warranty of 12 months on phone & 6 months on accessories,4.4
64,"vivo V50 (SARRY NIGHT, 256 GB)","₹49,000",8 GB RAM | 256 GB ROM17.2 cm (6.77 inch) Display50MP Rear Camera6000 mAh Battery12 MONTHS,3.8
65,"Samsung Galaxy A73 5G (Awesome Mint, 256 GB)","₹49,990",8 GB RAM | 256 GB ROM | Expandable Upto 1 TB17.02 cm (6.7 inch) Full HD+ Display108MP + 12MP + 5MP + 5MP | 32MP Front Camera5000 mAh Li-ion BatteryQualcomm Snapdragon 778G Processor1 Year Manufacturer Warranty for Device and 6 Months Manufacturer Warranty for In-Box,4.2
66,"OnePlus 13 (Black Eclipse, 256 GB)","₹58,499","12 GB RAM | 256 GB ROM17.32 cm (6.82 inch) Quad HD+ Display50MP + 50MP + 50MP | 32MP Front Camera6000 mAh BatterySnapdragon® 8 Elite Processor1 Year Warranty
1 year manufacturer warranty for device and 1 year manufacturer warranty for in-box accessories including batteries from the date of purchase",4.5
67,"Samsung Galaxy A73 5G (Awesome Gray, 128 GB)","₹47,490",8 GB RAM | 128 GB ROM | Expandable Upto 1 TB17.02 cm (6.7 inch) Full HD+ Display108MP + 12MP + 5MP + 5MP | 32MP Front Camera5000 mAh Li-ion BatteryQualcomm Snapdragon 778G Processor1 Year Manufacturer Warranty for Device and 6 Months Manufacturer Warranty for In-Box,4.2
68,"vivo T4 Ultra 5G (Meteor Grey, 512 GB)","₹39,999",12 GB RAM | 512 GB ROM16.94 cm (6.67 inch) Full HD+ AMOLED Display50MP + 8MP + 50MP Periscope | 32MP Front Camera5500 mAh BatteryDimensity 9300+ Processor1 Year Warranty on the Product and 6 Months Warranty on Inbox Accessories,4.5
69,"Samsung Galaxy S24 5G Snapdragon (Cobalt Violet, 128 GB)","₹49,999",8 GB RAM | 128 GB ROM15.75 cm (6.2 inch) Full HD+ Display50MP + 12MP | 12MP Front Camera4000 mAh Battery8 Gen 3 Processor1 Year Manufacturer Warranty for Device and 6 Months for In-Box Accessories,4.6
70,"Nothing Phone (2) (White, 256 GB)","₹38,999",12 GB RAM | 256 GB ROM17.02 cm (6.7 inch) Full HD+ Display50 MP(OIS) +50MP | 32MP Front Camera4700 mAh Lithium ion BatteryQualcomm Snapdragon 8+ Gen 1 ProcessorLTPO AMOLED (1 Hz - 120 Hz)1 Year Manufacturing Warranty,4.4
71,"REDMI Note 14 Pro+ 5G (Spectre Blue, 512 GB)","₹33,999",12 GB RAM | 512 GB ROM16.94 cm (6.67 inch) Display50MP + 50MP + 8MP | 20MP Front Camera6200 mAh Battery7s Gen 3 Processor1 Year Manufacturer Warranty for Phone and 6 Months Warranty for In the Box Accessories,4.4
72,"vivo X80 (Cosmic Black, 256 GB)","₹42,990",12 GB RAM | 256 GB ROM17.22 cm (6.78 inch) Full HD+ Display50MP + 12MP + 12MP | 32MP Front Camera4500 mAh Lithium BatteryMediatek Dimensity 9000 Processor1 Year on Handset and 6 Months on Accessories,4.5
73,"OnePlus 9 5G (Winter Mist, 256 GB)","₹39,999",12 GB RAM | 256 GB ROM16.64 cm (6.55 inch) Display48MP Rear Camera4500 mAh Battery1 Year,3.9
74,"OnePlus 15R 5G (Charcoal Black, 512 GB)","₹52,321",12 GB RAM | 512 GB ROM17.35 cm (6.83 inch) Display50MP Rear Camera7400 mAh Battery1 year manufacturer warranty for device and 6 months manufacturer warranty for in-box accessories including batteries from the date of purchase,4.6
75,"Xiaomi 14 CIVI (Shadow Black, 512 GB)","₹31,999",12 GB RAM | 512 GB ROM16.64 cm (6.55 inch) Display50MP Rear Camera | 32MP + 32MP Dual Front Camera4700 mAh Battery8s Gen 3 Mobile Platform Processor1 Year Manufacturer Warranty for Phone and 6 Months Warranty for In the Box Accessories,4.3
76,"OnePlus 15R 5G (Mint Breeze, 256 GB)","₹45,800",12 GB RAM | 256 GB ROM17.35 cm (6.83 inch) Display50MP Rear Camera7400 mAh Battery1 year manufacturer warranty for device and 6 months manufacturer warranty for in-box accessories including batteries from the date of purchase,4.6
77,"Samsung Galaxy S23 5G (Lavender, 128 GB)","₹47,999",8 GB RAM | 128 GB ROM15.49 cm (6.1 inch) Full HD+ Display50MP + 10MP + 12MP | 12MP Front Camera3900 mAh Lithium Ion BatteryQualcomm Snapdragon 8 Gen 2 Processor1 Year Manufacturer Warranty for Device and 6 Months Manufacturer Warranty for In-Box Accessories,4.6
78,"OnePlus 13R 5G (Nebula Noir, 512 GB)","₹39,838",16 GB RAM | 512 GB ROM17.22 cm (6.78 inch) Display50MP Rear Camera6000 mAh Battery1 year manufacturer warranty for device and 1 year manufacturer warranty for in-box accessories including batteries from the date of purchase,4.5
79,"Samsung Galaxy A55 5G (Awesome Navy, 256 GB)","₹31,999",12 GB RAM | 256 GB ROM | Expandable Upto 1 TB16.76 cm (6.6 inch) Full HD+ Display50MP + 12MP + 5MP | 32MP Front Camera5000 mAh BatterySamsung Exynos 1480 Processor1 Year Manufacturer Warranty for Device and 6 Months for In-Box Accessories,4.3
80,"OnePlus 13s 5G (Pink Satin, 256 GB)","₹45,423",12 GB RAM | 256 GB ROM16.05 cm (6.32 inch) Display50MP Rear Camera5850 mAh Battery1 Year Warranty,4.6
81,"Samsung Galaxy S23 5G (Green, 128 GB)","₹47,999",8 GB RAM | 128 GB ROM15.49 cm (6.1 inch) Full HD+ Display50MP + 10MP + 12MP | 12MP Front Camera3900 mAh Lithium Ion BatteryQualcomm Snapdragon 8 Gen 2 Processor1 Year Manufacturer Warranty for Device and 6 Months Manufacturer Warranty for In-Box Accessories,4.6
82,"OnePlus 15R 5G (Electric Violet, 256 GB)","₹45,800",12 GB RAM | 256 GB ROM17.35 cm (6.83 inch) Display50MP Rear Camera7400 mAh Battery1 year manufacturer warranty for device and 6 months manufacturer warranty for in-box accessories including batteries from the date of purchase,4.6
83,"OnePlus Nord 5 5G (Phantom Grey, 512 GB)","₹37,875",12 GB RAM | 512 GB ROM17.35 cm (6.83 inch) Display50MP Rear Camera6800 mAh Battery1 Year Warranty,4.5
84,"OnePlus 15R 5G (Mint Breeze, 512 GB)","₹50,600",12 GB RAM | 512 GB ROM17.35 cm (6.83 inch) Display50MP Rear Camera7400 mAh Battery1 year manufacturer warranty for device and 6 months manufacturer warranty for in-box accessories including batteries from the date of purchase,4.6
85,"OnePlus 13R 5G (Astral Trail, 512 GB)","₹43,000",16 GB RAM | 512 GB ROM17.22 cm (6.78 inch) Display50MP Rear Camera6000 mAh Battery1 year manufacturer warranty for device and 1 year manufacturer warranty for in-box accessories including batteries from the date of purchase,4.5
86,"OnePlus Nord 5 5G (Phantom Grey, 256 GB)","₹32,128",12 GB RAM | 256 GB ROM17.35 cm (6.83 inch) Display50MP Rear Camera6800 mAh Battery1 Year Warranty,4.5
87,"Nothing Phone (3) (Black, 256 GB)","₹79,999",12 GB RAM | 256 GB ROM16.94 cm (6.67 inch) Display50MP + 50MP + 50MP | 50MP Front Camera5500 mAh Battery8s Gen 4 Mobile Platform Processor1 Year Manufacturing Warranty,4.4
88,"OnePlus Nord 5 5G (Dry Ice, 256 GB)","₹34,159",12 GB RAM | 256 GB ROM17.35 cm (6.83 inch) Display50MP Rear Camera6800 mAh Battery1 Year Warranty,4.5
89,"OnePlus 11 5G (Eternal Green, 256 GB)","₹38,988",16 GB RAM | 256 GB ROM17.02 cm (6.7 inch) Display50MP Rear Camera5000 mAh Batterydomestic warranty of 12 months on phone & 6 months on accessories,4.5
90,"OPPO Reno14 5G (Mint Green, 256 GB)","₹44,999",12 GB RAM | 256 GB ROM16.74 cm (6.59 inch) Display50MP + 8MP + 50MP | 50MP Front Camera6000 mAh BatteryDimensity 8350 Processor1 Year Manufacturer Warranty for Device and 6 Months Manufacturer Warranty for Inbox Accessories,4.5
91,"Samsung Galaxy S23 5G (Green, 256 GB)","₹45,999",8 GB RAM | 256 GB ROM15.49 cm (6.1 inch) Full HD+ Display50MP + 10MP + 12MP | 12MP Front Camera3900 mAh Lithium Ion BatteryQualcomm Snapdragon 8 Gen 2 Processor1 Year Manufacturer Warranty for Device and 6 Months Manufacturer Warranty for In-Box Accessories,4.6
92,"OnePlus 12 (Silky Black, 256 GB)","₹50,399",12 GB RAM | 256 GB ROM17.32 cm (6.82 inch) Display64MP Rear Camera5400 mAh Battery1 Year Brand Warranty,4.6
93,"Xiaomi 14 CIVI (Aqua Blue, 512 GB)","₹36,999",12 GB RAM | 512 GB ROM16.64 cm (6.55 inch) Display50MP Rear Camera | 32MP + 32MP Dual Front Camera4700 mAh Battery8s Gen 3 Mobile Platform Processor1 Year Manufacturer Warranty for Phone and 6 Months Warranty for In the Box Accessories,4.3
94,"Apple iPhone 14 (Starlight, 128 GB)","₹54,900","128 GB ROM15.49 cm (6.1 inch) Super Retina XDR Display12MP + 12MP | 12MP Front CameraA15 Bionic Chip, 6 Core Processor Processor1 year warranty for phone and 1 year warranty for in Box Accessories.",4.6
95,"REDMI Note 14 Pro+ 5G (Titan Black, 512 GB)","₹33,999",12 GB RAM | 512 GB ROM16.94 cm (6.67 inch) Display50MP + 50MP + 8MP | 20MP Front Camera6200 mAh Battery7s Gen 3 Processor1 Year Manufacturer Warranty for Phone and 6 Months Warranty for In the Box Accessories,4.4
96,"OnePlus 12R (Iron Gray, 256 GB)","₹54,900","8 GB RAM | 256 GB ROM17.22 cm (6.78 inch) Display50MP Rear Camera5500 mAh Battery1 Year Warranty
1 year manufacturer warranty for device and 1 year manufacturer warranty for in-box accessories including batteries from the date of purchase",4.5
97,"OnePlus 12R (Iron Grey, 256 GB)","₹53,589",16 GB RAM | 256 GB ROM17.22 cm (6.78 inch) Display50MP Rear Camera5500 mAh Battery1 Year Brand Warranty,4.5
98,"Apple iPhone 14 (Blue, 128 GB)","₹32,599","128 GB ROM15.49 cm (6.1 inch) Super Retina XDR Display12MP + 12MP | 12MP Front CameraA15 Bionic Chip, 6 Core Processor Processor1 year warranty for phone and 1 year warranty for in Box Accessories.",4.6
99,"OnePlus 12 (Flowy Emerald, 512 GB)","₹60,999",16 GB RAM | 512 GB ROM17.32 cm (6.82 inch) Display64MP Rear Camera5400 mAh Battery1 Year Brand Warranty,4.6
100,"OnePlus 10T 5G (Moonstone Black, 128 GB)","₹29,898",8 GB RAM | 128 GB ROM17.02 cm (6.7 inch) Display50MP Rear Camera4800 mAh Battery1 Year Manufacturer Warranty for Handset and 6 Months Warranty for In the Box Accessories,4.3
101,"OPPO Reno14 Pro 5G (Titanium Grey, 512 GB)","₹42,999",12 GB RAM | 512 GB ROM17.35 cm (6.83 inch) Full HD+ Display50MP + 50MP + 50MP | 50MP Front Camera6200 mAh BatteryDimensity 8450 Processor1 Year Manufacturer Warranty for Device and 6 Months Manufacturer Warranty for Inbox Accessories,4.5
102,"OnePlus 10R 5G (Sierra Black, 256 GB)","₹33,999",12 GB RAM | 256 GB ROM17.02 cm (6.7 inch) Display50MP Rear Camera5000 mAh Battery1 Year Manufacturer Warranty for Handset and 6 Months Warranty for In the Box Accessories,4.3
103,"vivo V29 Pro 5G (Blue, 256 GB)","₹54,899",12 GB RAM | 256 GB ROM17.22 cm (6.78 inch) Full HD+ AMOLED Display50MP + 12MP + 8MP | 50MP Front Camera4600 mAh BatteryDimensity 8200 Processor1 Year Manufacturer Warranty for Phone and 6 Months Warranty for In the Box Accessories,4.5
104,"vivo V30 5G (Andaman Blue, 256 GB)","₹42,999",12 GB RAM | 256 GB ROM17.22 cm (6.78 inch) Full HD+ Display50MP + 50MP | 50MP Front Camera5000 mAh Battery7 Gen 3 Processor1 Year Manufacturer Warranty for Device and 6 Months Manufacturer Warranty for Inbox Accessories,4.5
105,"OnePlus 13s 5G (Pink Satin, 512 GB)","₹38,999",12 GB RAM | 512 GB ROM16.05 cm (6.32 inch) Display50MP Rear Camera5850 mAh Battery1 Year Warranty,4.6
106,"vivo V29 Pro 5G (Black, 256 GB)","₹48,019",12 GB RAM | 256 GB ROM17.22 cm (6.78 inch) Full HD+ AMOLED Display50MP + 12MP + 8MP | 50MP Front Camera4600 mAh BatteryDimensity 8200 Processor1 Year Manufacturer Warranty for Phone and 6 Months Warranty for In the Box Accessories,4.5
107,"vivo V30 Pro 5G (Andaman Blue, 256 GB)","₹34,999",8 GB RAM | 256 GB ROM17.22 cm (6.78 inch) Full HD+ Display50MP + 50MP + 50MP | 50MP Front Camera5000 mAh BatteryDimensity 8200 5G Processor1 Year Manufacturer Warranty for Device and 6 Months Manufacturer Warranty for Inbox Accessories,4.5
108,"Samsung Galaxy S23 5G (Phantom Black, 128 GB)","₹39,999",8 GB RAM | 128 GB ROM15.49 cm (6.1 inch) Full HD+ Display50MP + 10MP + 12MP | 12MP Front Camera3900 mAh Lithium Ion BatteryQualcomm Snapdragon 8 Gen 2 Processor1 Year Manufacturer Warranty for Device and 6 Months Manufacturer Warranty for In-Box Accessories,4.6
109,"vivo v50 5G (Grey, 256 GB)","₹47,999","8 GB RAM | 256 GB ROM17.2 cm (6.77 inch) Full HD+ E3 Super AMOLED Display50MP + 50MP | 50MP Front Camera6000 mAh BatterySnapdragon 
7 Gen 3 Processor1 year warranty on handset and 6 month in inbox accessories",4.5
110,"OnePlus 9 5G (Arctic Sky, 256 GB)","₹51,609",12 GB RAM | 256 GB ROM16.64 cm (6.55 inch) Display48MP Rear Camera4500 mAh Battery1 Year Manufacturer Warranty for Handset and 6 Months Warranty for In the Box Accessories,3.9
111,"Samsung Galaxy S23 5G (Cream, 128 GB)","₹41,999",8 GB RAM | 128 GB ROM15.49 cm (6.1 inch) Full HD+ Display50MP + 10MP + 12MP | 12MP Front Camera3900 mAh Lithium Ion BatteryQualcomm Snapdragon 8 Gen 2 Processor1 Year Manufacturer Warranty for Device and 6 Months Manufacturer Warranty for In-Box Accessories,4.6
112,"OnePlus 12 (Flowy Emerald, 256 GB)","₹31,999",12 GB RAM | 256 GB ROM17.32 cm (6.82 inch) Display64MP Rear Camera5400 mAh Battery1 Year Brand Warranty,4.6
113,"vivo V40 5G (Titanium Grey, 512 GB)","₹41,999",12 GB RAM | 512 GB ROM17.22 cm (6.78 inch) Full HD+ Display50MP + 50MP | 50MP Front Camera5500 mAh BatterySnapdragon 7 Gen 3 Processor1 Year Warranty on Handset and 6 Months Warranty on Accessories,4.6
114,"vivo V30 5G (Andaman Blue, 256 GB)","₹41,999",8 GB RAM | 256 GB ROM17.22 cm (6.78 inch) Full HD+ Display50MP + 50MP | 50MP Front Camera5000 mAh Battery7 Gen 3 Processor1 Year Manufacturer Warranty for Device and 6 Months Manufacturer Warranty for Inbox Accessories,4.5
115,"vivo V40 5G (Ganges Blue, 512 GB)","₹45,000",12 GB RAM | 512 GB ROM17.22 cm (6.78 inch) Full HD+ Display50MP + 50MP | 50MP Front Camera5500 mAh BatterySnapdragon 7 Gen 3 Processor1 Year Warranty on Handset and 6 Months Warranty on Accessories,4.6
116,"vivo V40 5G (Lotus Purple, 512 GB)","₹44,999",12 GB RAM | 512 GB ROM17.22 cm (6.78 inch) Full HD+ Display50MP + 50MP | 50MP Front Camera5500 mAh BatterySnapdragon 7 Gen 3 Processor1 Year Warranty on Handset and 6 Months Warranty on Accessories,4.6
117,"OnePlus 11 5G (Titan Black, 256 GB)","₹41,999",16 GB RAM | 256 GB ROM17.02 cm (6.7 inch) Display50MP Rear Camera | 16MP Front Camera5000 mAh Batterydomestic warranty of 12 months on phone & 6 months on accessories,4.5
118,"OnePlus 12R (Sunset Dune, 256 GB)","₹44,999",16 GB RAM | 256 GB ROM17.22 cm (6.78 inch) Display50MP Rear Camera5500 mAh Battery1 Year Brand Warranty,4.5
119,"OnePlus 9 5G (Arctic Sky, 256 GB)","₹43,999",12 GB RAM | 256 GB ROM16.64 cm (6.55 inch) Display48MP Rear Camera4500 mAh Battery12 months,3.9
120,"OPPO Reno11 Pro 5G (Rock Grey, 256 GB)","₹40,999",12 GB RAM | 256 GB ROM17.02 cm (6.7 inch) Full HD+ Display50MP + 8MP + 32MP | 32MP Front Camera4600 mAh BatteryMediatek Dimensity 8200 Processor1 Year Manufacturer Warranty for Device and 6 Months Manufacturer Warranty for Inbox Accessories,4.4
121,"OPPO Reno 12 5G (Astro Silver, 256 GB)","₹40,499",8 GB RAM | 256 GB ROM | Expandable Upto 1 TB17.02 cm (6.7 inch) Full HD+ Display50MP + 8MP + 2MP | 32MP Front Camera5000 mAh BatteryDimensity 7300 Energy Processor1 Year Manufacturer Warranty for Device and 6 Months Manufacturer Warranty for Inbox Accessories,4.4
122,"OPPO Reno13 5G (Ivory White, 256 GB)","₹42,999",8 GB RAM | 256 GB ROM16.74 cm (6.59 inch) Display50MP + 8MP + 2MP | 50MP Front Camera5600 mAh BatteryDimensity 8350 Processor1 Year Warranty on Handset and 6 Months Warranty on Accessories,4.4
123,"IQOO Neo 9 Pro (Fiery Red, 256 GB)","₹42,000",8 GB RAM | 256 GB ROM17.22 cm (6.78 inch) Display50MP Rear Camera5160 mAh Battery1 Year on Handset and 6 Months on Accessories,4.5
124,"IQOO 9 Pro 5G (Dark Cruise, 256 GB)","₹41,999",8 GB RAM | 256 GB ROM17.22 cm (6.78 inch) Full HD+ Display50MP + 50MP + 50MP + 16MP | 16MP Front Camera4700 mAh BatterySnapdragon® 8 Gen 1 Mobile Processor Processor1 year manufacturer warranty,3.9
125,"OPPO Reno13 Pro 5G (Mist Lavender, 256 GB)","₹41,999",12 GB RAM | 256 GB ROM17.35 cm (6.83 inch) Display50MP + 50MP + 8MP | 50MP Front Camera5800 mAh BatteryDimensity 8350 Processor1 Year Warranty on Handset and 6 Months Warranty on Accessories,4.5
126,"realme X50 Pro (Moss Green, 128 GB)","₹35,999",8 GB RAM | 128 GB ROM16.36 cm (6.44 inch) Full HD+ Display64MP + 12MP + 8MP + 2MP | 32MP + 8MP Dual Front Camera4200 mAh Battery5G PhoneQualcomm Snapdragon 865 Processor65W Superdart ChargeBrand Warranty of 1 Year Available for Mobile and 6 Months for Accessories,4.4
127,"Samsung Galaxy A54 5G (Awesome Graphite, 128 GB)","₹37,999","8 GB RAM | 128 GB ROM | Expandable Upto 1 TB16.26 cm (6.4 inch) Full HD+ Display50MP + 12MP + 5MP | 32MP Front Camera5000 mAh BatteryExynos 1380, Octa Core Processor1 Year Manufacturer Warranty for Device and 6 Months Manufacturer Warranty for In-Box Accessories",4.3
128,"realme 15 Pro 5G (Silk Purple, 256 GB)","₹33,197",8 GB RAM | 256 GB ROM17.27 cm (6.8 inch) Display50MP + 50MP | 50MP Front Camera7000 mAh BatterySnapdragon 7 Gen 4 Processor1 Year Manufacturer Warranty for Device and 6 Months Manufacturer Warranty for Inbox Accessories,4.3
129,"realme 15 Pro 5G (Flowing Silver, 256 GB)","₹39,999",12 GB RAM | 256 GB ROM17.27 cm (6.8 inch) Display50MP + 50MP | 50MP Front Camera7000 mAh BatterySnapdragon 7 Gen 4 Processor1 Year Manufacturer Warranty for Device and 6 Months Manufacturer Warranty for Inbox Accessories,4.4
130,"OnePlus Nord CE6 (Lunar Pearl, 128 GB)","₹35,999",8 GB RAM | 128 GB ROM | Expandable Upto 128 GB17.22 cm (6.78 inch) Full HD+ Display50MP Rear Camera | 2MP Front Camera8000 mAh BatteryQualcomm® Snapdragon™ 7s Gen 4 Processorone year of handset six month of accessories,4.3
131,"realme GT 7T (Racing Yellow, 256 GB)","₹31,499",8 GB RAM | 256 GB ROM17.27 cm (6.8 inch) Full HD+ AMOLED Display50MP + 8MP | 32MP Front Camera7000 mAh Li-ion BatteryDimensity 8400-MAX Processorstandard 1-year warranty for the device  and a 6-month warranty for accessories,4.3
132,"realme 15 Pro 5G (Flowing Silver, 256 GB)","₹33,197",8 GB RAM | 256 GB ROM17.27 cm (6.8 inch) Display50MP + 50MP | 50MP Front Camera7000 mAh BatterySnapdragon 7 Gen 4 Processor1 Year Manufacturer Warranty for Device and 6 Months Manufacturer Warranty for Inbox Accessories,4.3
133,"Samsung Galaxy A36 5G (Awesome Black, 256 GB)","₹37,999",8 GB RAM | 256 GB ROM17.02 cm (6.7 inch) Full HD+ Display50MP + 8MP | 12MP Front Camera5000 mAh BatteryQualcomm Snapdragon 6 Gen 3 Processor1 Year Manufacturer Warranty for Device and 6 Months for In-Box Accessories,4.3
134,"OnePlus Nord CE6 (Fresh Blue, 128 GB)","₹37,999",8 GB RAM | 128 GB ROM | Expandable Upto 128 GB17.22 cm (6.78 inch) Full HD+ Display50MP Rear Camera | 2MP Front Camera8000 mAh BatteryQualcomm® Snapdragon™ 7s Gen 4 Processorone year of handset six month of accessories,4.3
135,"POCO X8 Pro Charger in the Box (White, 256 GB)","₹32,592",12 GB RAM | 256 GB ROM16.74 cm (6.59 inch) Full HD+ AMOLED Display50MP + 8MP | 20MP Front Camera6500 mAh Lithium-Ion Polymer With Silicon Carbon Technology BatteryDimensity 8500-Ultra Processor1 Year Manufacturer Warranty for Phone and 6 Months Warranty for In the Box Accessories,4.4
136,"realme 15 Pro 5G (Velvet Green, 256 GB)","₹39,999",12 GB RAM | 256 GB ROM17.27 cm (6.8 inch) Display50MP + 50MP | 50MP Front Camera7000 mAh BatterySnapdragon 7 Gen 4 Processor1 Year Manufacturer Warranty for Device and 6 Months Manufacturer Warranty for Inbox Accessories,4.4
137,"OnePlus Nord CE6 (Pitch Black, 128 GB)","₹35,999",8 GB RAM | 128 GB ROM | Expandable Upto 128 GB17.22 cm (6.78 inch) Full HD+ Display50MP Rear Camera | 2MP Front Camera8000 mAh BatteryQualcomm® Snapdragon™ 7s Gen 4 Processorone year of handset six month of accessories,4.3
138,"MOTOROLA edge 70 pro (Marble - PANTONE Lily white (white), 256 GB)","₹37,999",8 GB RAM | 256 GB ROM17.27 cm (6.8 inch) Full HD+ Super AMOLED Display50MP + 50MP | 50MP Front Camera6500 mAh Silicon-Carbon BatteryDimensity 8500 Extreme Processor1 Year on Handset and 6 Months on Accessories,4.5
139,"realme 15 Pro 5G (Velvet Green, 256 GB)","₹37,999",8 GB RAM | 256 GB ROM17.27 cm (6.8 inch) Display50MP + 50MP | 50MP Front Camera7000 mAh BatterySnapdragon 7 Gen 4 Processor1 Year Manufacturer Warranty for Device and 6 Months Manufacturer Warranty for Inbox Accessories,4.3
140,"realme 15 Pro 5G (Silk Purple, 256 GB)","₹31,499",12 GB RAM | 256 GB ROM17.27 cm (6.8 inch) Display50MP + 50MP | 50MP Front Camera7000 mAh BatterySnapdragon 7 Gen 4 Processor1 Year Manufacturer Warranty for Device and 6 Months Manufacturer Warranty for Inbox Accessories,4.4
141,"Nothing Phone (4a) (Black, 256 GB)","₹37,999",8 GB RAM | 256 GB ROM17.22 cm (6.78 inch) Full HD+ AMOLED Display50MP + 50MP + 8MP | 32MP Front Camera5400 mAh Lithium ion BatterySnapdragon 7s Gen 4 Processor1 Year Manufacturing Warranty,4.4
142,"Samsung Galaxy A36 5G (Awesome Lavender, 256 GB)","₹31,499",8 GB RAM | 256 GB ROM17.02 cm (6.7 inch) Full HD+ Display50MP + 8MP | 12MP Front Camera5000 mAh BatteryQualcomm Snapdragon 6 Gen 3 Processor1 Year Manufacturer Warranty for Device and 6 Months for In-Box Accessories,4.3
143,"Nothing Phone (4a) Snapdragon (Black, 128 GB)","₹37,999",8 GB RAM | 128 GB ROM17.22 cm (6.78 inch) Full HD+ AMOLED Display50MP + 50MP + 8MP | 32MP Front Camera5400 mAh Lithium ion BatterySnapdragon 7s Gen 4 Processor1 Year Manufacturing Warranty,4.4
144,"Samsung Galaxy A36 5G (Awesome Lavender, 256 GB)","₹38,577",8 GB RAM | 256 GB ROM17.02 cm (6.7 inch) Full HD+ Display50MP + 8MP | 12MP Front Camera5000 mAh BatteryQualcomm Snapdragon 6 Gen 3 Processor1 Year Manufacturer Warranty for Device and 6 Months for In-Box Accessories,4.3
145,"Nothing Phone (4a) (White, 256 GB)","₹37,999",8 GB RAM | 256 GB ROM17.22 cm (6.78 inch) Full HD+ AMOLED Display50MP + 50MP + 8MP | 32MP Front Camera5400 mAh Lithium ion BatterySnapdragon 7s Gen 4 Processor1 Year Manufacturing Warranty,4.4
146,"IQOO Neo 10 (Asphalt Black, 256 GB)","₹39,999",8 GB RAM | 256 GB ROM17.22 cm (6.78 inch) Full HD+ E3 Super AMOLED Display50MP + 50MP + 8MP | 32MP + 32MP Dual Front Camera7000 mAh BatteryQualcomm ProcessorDomestic warranty 1 year for handset and 6 months for accessories,4.5
147,"MOTOROLA Edge 60 Pro (Pantone Shadow, 512 GB)","₹35,999",16 GB RAM | 512 GB ROM17.02 cm (6.7 inch) Display50MP + 50MP + 10MP | 50MP Front Camera6000 mAh BatteryDimensity 8350 Processor1 Year Warranty on Handset and 6 Months Warranty on Accessories,4.4
148,"realme Gt 7 (Icesense Blue, 256 GB)","₹37,999",12 GB RAM | 256 GB ROM17.22 cm (6.78 inch) Full HD+ AMOLED Display50MP + 50MP + 50MP + 8MP | 32MP + 32MP Dual Front Camera7000 mAh BatteryDimensity Processor1 Year manufacturer Warranty for handset & 6 months for accessories,4.4
149,"POCO F7 5G (Phantom Black, 256 GB)","₹35,999","12 GB RAM | 256 GB ROM17.35 cm (6.83 inch) Display50MP Rear Camera | 20MP Front Camera7550 mAh Li-Polymer + Silicon Carbon Battery8s Gen 4 ProcessorRear Camera -50MP Main Camera -8MP Ultra-wide Camera with night mode and ultra-wide video recordingFront camera -20MP with Portrait Mode | | Front Video Recording | Night ModeDisplay -6.83 inch 1.5K pOLED with 120 Hz refresh rateBattery 7550mAh, 90W charger, 22.5W reverse charging1 Year Manufacturer Warranty for Phone and 6 Months Warranty for In the Box Accessories",4.4
150,"Nothing Phone (4a) (Blue, 128 GB)","₹39,999",8 GB RAM | 128 GB ROM17.22 cm (6.78 inch) Full HD+ AMOLED Display50MP + 50MP + 8MP | 32MP Front Camera5400 mAh Lithium ion BatterySnapdragon 7s Gen 4 Processor1 Year Manufacturing Warranty,4.4
151,"POCO F7 5G (Frost White, 256 GB)","₹37,999","12 GB RAM | 256 GB ROM17.35 cm (6.83 inch) Display50MP Rear Camera | 20MP Front Camera7550 mAh Li-Polymer + Silicon Carbon Battery8s Gen 4 ProcessorRear Camera -50MP Main Camera -8MP Ultra-wide Camera with night mode and ultra-wide video recordingFront camera -20MP with Portrait Mode | | Front Video Recording | Night ModeDisplay -6.83 inch 1.5K pOLED with 120 Hz refresh rateBattery 7550mAh, 90W charger, 22.5W reverse charging1 Year Manufacturer Warranty for Phone and 6 Months Warranty for In the Box Accessories",4.4
152,"realme Gt 7 (Icesense Black, 256 GB)","₹36,999","12 GB RAM | 256 GB ROM17.22 cm (6.78 inch) Full HD+ AMOLED Display50MP + 50MP + 50MP + 8MP | 32MP + 32MP Dual Front Camera7000 mAh BatteryDimensity ProcessorPhone, Power Adapter, SIM Tray Ejector, Phone Case, USB Cable",4.4
153,"POCO X8 Pro Charger in the Box (Black, 256 GB)","₹37,999",12 GB RAM | 256 GB ROM16.74 cm (6.59 inch) Full HD+ AMOLED Display50MP + 8MP | 20MP Front Camera6500 mAh Lithium-Ion Polymer With Silicon Carbon Technology BatteryDimensity 8500-Ultra Processor1 Year Manufacturer Warranty for Phone and 6 Months Warranty for In the Box Accessories,4.4
154,"realme Gt 7 (Icesense Black, 256 GB)","₹31,498",8 GB RAM | 256 GB ROM17.22 cm (6.78 inch) Full HD+ AMOLED Display50MP + 50MP + 50MP + 8MP | 32MP + 32MP Dual Front Camera7000 mAh BatteryDimensity Processor1 Year manufacturer Warranty for handset & 6 months for accessories,4.4
155,"vivo V60 5G (Mist Gray, 128 GB)","₹37,999",8 GB RAM | 128 GB ROM17.2 cm (6.77 inch) Display50MP + 8MP + 50MP | 50MP Front Camera6500 mAh Battery7 Gen 4 Processor1 Year Manufacturer Warranty for Device and 6 Months Manufacturer Warranty for Inbox Accessories,4.5
156,"Samsung Galaxy A36 5G (Awesome White, 256 GB)","₹37,999",8 GB RAM | 256 GB ROM17.02 cm (6.7 inch) Full HD+ Display50MP + 8MP | 12MP Front Camera5000 mAh BatteryQualcomm Snapdragon 6 Gen 3 Processor1 Year Manufacturer Warranty for Device and 6 Months for In-Box Accessories,4.3
157,"MOTOROLA Edge 60 Pro (Pantone Dazzling Blue, 512 GB)","₹37,999",16 GB RAM | 512 GB ROM17.02 cm (6.7 inch) Display50MP + 50MP + 10MP | 50MP Front Camera6000 mAh BatteryDimensity 8350 Processor1 Year Warranty on Handset and 6 Months Warranty on Accessories,4.4
158,"vivo V70 FE (Monsoon Blue, 128 GB)","₹39,999",8 GB RAM | 128 GB ROM17.35 cm (6.83 inch) Full HD+ AMOLED Display200MP + 8MP | 50MP Front Camera7000 mAh Li-ion BatteryDimensity 7360-Turbo Processor1 Year Manufacturer Warranty for Device and 6 Months Manufacturer Warranty for Inbox Accessories,4.4
159,"vivo V70 FE (Northern Lights Purple, 128 GB)","₹37,224",8 GB RAM | 128 GB ROM17.35 cm (6.83 inch) Full HD+ AMOLED Display200MP + 8MP | 50MP Front Camera7000 mAh Li-ion BatteryDimensity 7360-Turbo Processor1 Year Manufacturer Warranty for Device and 6 Months Manufacturer Warranty for Inbox Accessories,4.4
160,"MOTOROLA edge 70 pro (Tailored Fabric - PANTONE Titan (Blue), 256 GB)","₹37,999",8 GB RAM | 256 GB ROM17.27 cm (6.8 inch) Full HD+ Super AMOLED Display50MP + 50MP | 50MP Front Camera6500 mAh Silicon-Carbon BatteryDimensity 8500 Extreme Processor1 Year on Handset and 6 Months on Accessories,4.5
161,"REDMI Note 15 Pro + 5G (Mirage Blue, 256 GB)","₹37,191",8 GB RAM | 256 GB ROM17.35 cm (6.83 inch) Display200MP Rear Camera6500 mAh Battery12 Months Brand Warranty,4.3
162,"MOTOROLA Edge 60 Pro (Pantone Sparkling Grape, 512 GB)","₹36,978",16 GB RAM | 512 GB ROM17.02 cm (6.7 inch) Display50MP + 50MP + 10MP | 50MP Front Camera6000 mAh BatteryDimensity 8350 Processor1 Year Warranty on Handset and 6 Months Warranty on Accessories,4.4
163,"REDMI Note 15 Pro + 5G (Coffee Mocha, 256 GB)","₹39,999",8 GB RAM | 256 GB ROM17.35 cm (6.83 inch) Display200MP Rear Camera6500 mAh Battery12 Months Brand Warranty,4.3
164,"REDMI Note 15 Pro + 5G (Carbon Black, 256 GB)","₹37,484",8 GB RAM | 256 GB ROM17.35 cm (6.83 inch) Display200MP Rear Camera6500 mAh Battery12 Months Brand Warranty,4.3
165,"realme 16 Pro 5G (Pebble Grey, 256 GB)","₹37,484",8 GB RAM | 256 GB ROM17.22 cm (6.78 inch) Full HD+ Display200MP + 8MP | 50MP Front Camera7000 mAh BatteryDimensity 7300 Max Processor1 Year Manufacturer Warranty for Phone and 6 Months Warranty for In-Box Accessories,4.4
166,"OPPO F33 5G (Forest Green, 256 GB)","₹37,484",8 GB RAM | 256 GB ROM16.69 cm (6.57 inch) Full HD+ AMOLED Display50MP + 2MP | 16MP Front Camera7000 mAh lithium-ion polymer BatteryDimensity 6360 MAX Processor1 Year Manufacturer Warranty for Device and 6 Months Manufacturer Warranty for Inbox Accessories,4.7
167,"OPPO F33 5G (Pearl White, 256 GB)","₹37,999",8 GB RAM | 256 GB ROM16.69 cm (6.57 inch) Full HD+ AMOLED Display50MP + 2MP | 16MP Front Camera7000 mAh lithium-ion polymer BatteryDimensity 6360 MAX Processor1 Year Manufacturer Warranty for Device and 6 Months Manufacturer Warranty for Inbox Accessories,4.7
168,"OPPO F33 5G (Forest Green, 256 GB)","₹39,999",8 GB RAM | 256 GB ROM16.69 cm (6.57 inch) Full HD+ AMOLED Display50MP + 2MP | 16MP Front Camera7000 mAh lithium-ion polymer BatteryDimensity 6360 MAX Processor1 Year Manufacturer Warranty for Device and 6 Months Manufacturer Warranty for Inbox Accessories,4.7
169,"POCO X8 Pro Charger in the Box (Green, 256 GB)","₹36,999",12 GB RAM | 256 GB ROM16.74 cm (6.59 inch) Full HD+ AMOLED Display50MP + 8MP | 20MP Front Camera6500 mAh Lithium-Ion Polymer With Silicon Carbon Technology BatteryDimensity 8500-Ultra Processor1 Year Manufacturer Warranty for Phone and 6 Months Warranty for In the Box Accessories,4.4
170,"realme 16 5G (Air Black, 256 GB)","₹37,484",12 GB RAM | 256 GB ROM16.69 cm (6.57 inch) Full HD+ AMOLED Display50MP + 2MP | 50MP Front Camera7000 mAh BatteryDimensity 6400 Turbo Processor1 Year Manufacturer Warranty for Device and 6 Months Manufacturer Warranty for Inbox Accessories,4.4
171,"realme Gt 7 (Icesense Blue, 256 GB)","₹39,999",8 GB RAM | 256 GB ROM17.02 cm (6.7 inch) Full HD+ AMOLED Display50MP + 50MP + 8MP + 50MP | 32MP + 32MP Dual Front Camera7000 mAh BatteryDimensity Processor1 Year manufacturer Warranty for handset & 6 months for accessories,4.4
172,"OPPO F33 5G (Pearl White, 256 GB)","₹39,707",8 GB RAM | 256 GB ROM16.69 cm (6.57 inch) Full HD+ AMOLED Display50MP + 2MP | 16MP Front Camera7000 mAh lithium-ion polymer BatteryDimensity 6360 MAX Processor1 Year Manufacturer Warranty for Device and 6 Months Manufacturer Warranty for Inbox Accessories,4.7
173,"MOTOROLA edge 70 pro (Satin-Luxe PANTONE Tea (Green), 256 GB)","₹37,462",8 GB RAM | 256 GB ROM17.27 cm (6.8 inch) Full HD+ Super AMOLED Display50MP + 50MP | 50MP Front Camera6500 mAh Silicon-Carbon BatteryDimensity 8500 Extreme Processor1 Year on Handset and 6 Months on Accessories,4.5
174,"REDMI Note 15 Pro + 5G (Carbon Black, 256 GB)","₹37,462",12 GB RAM | 256 GB ROM17.35 cm (6.83 inch) Display200MP Rear Camera6500 mAh Battery12 Months Brand Warranty,4.2
175,"OPPO F33 Pro 5G (Passion Red, 128 GB)","₹37,998",8 GB RAM | 128 GB ROM16.69 cm (6.57 inch) Full HD+ AMOLED Display50MP + 2MP | 50MP Front Camera7000 mAh lithium-ion polymer BatteryDimensity 6360 MAX Processor1 Year Manufacturer Warranty for Device and 6 Months Manufacturer Warranty for Inbox Accessories,4.3
176,"OPPO F33 Pro 5G (Starry Blue, 128 GB)","₹36,999",8 GB RAM | 128 GB ROM16.69 cm (6.57 inch) Full HD+ AMOLED Display50MP + 2MP | 50MP Front Camera7000 mAh lithium-ion polymer BatteryDimensity 6360 MAX Processor1 Year Manufacturer Warranty for Device and 6 Months Manufacturer Warranty for Inbox Accessories,4.3
177,"OPPO F33 Pro 5G (Misty Forest, 128 GB)","₹39,999",8 GB RAM | 128 GB ROM16.69 cm (6.57 inch) Full HD+ AMOLED Display50MP + 2MP | 50MP Front Camera7000 mAh lithium-ion polymer BatteryDimensity 6360 MAX Processor1 Year Manufacturer Warranty for Device and 6 Months Manufacturer Warranty for Inbox Accessories,4.3
178,"realme 16 5G (Air White, 256 GB)","₹37,999",8 GB RAM | 256 GB ROM16.69 cm (6.57 inch) Full HD+ AMOLED Display50MP + 2MP | 50MP Front Camera7000 mAh BatteryDimensity 6400 Turbo Processor1 Year Manufacturer Warranty for Device and 6 Months Manufacturer Warranty for Inbox Accessories,4.1
179,"realme 16 Pro 5G (Master Gold, 256 GB)","₹36,999",8 GB RAM | 256 GB ROM17.22 cm (6.78 inch) Full HD+ Display200MP + 8MP | 50MP Front Camera7000 mAh BatteryDimensity 7300 Max Processor1 Year Manufacturer Warranty for Phone and 6 Months Warranty for In-Box Accessories,4.4
180,"vivo V60 5G (Moonlit Blue, 128 GB)","₹39,999",8 GB RAM | 128 GB ROM17.2 cm (6.77 inch) Display50MP + 8MP + 50MP | 50MP Front Camera6500 mAh Battery7 Gen 4 Processor1 Year Manufacturer Warranty for Device and 6 Months Manufacturer Warranty for Inbox Accessories,4.5
181,"realme 16 Pro 5G (Master Gold, 128 GB)","₹39,999",8 GB RAM | 128 GB ROM17.22 cm (6.78 inch) Full HD+ Display200MP + 8MP | 50MP Front Camera7000 mAh BatteryDimensity 7300 Max Processor1 Year Manufacturer Warranty for Phone and 6 Months Warranty for In-Box Accessories,4.4
182,"realme 16 Pro 5G (Orchid Purple, 256 GB)","₹34,999",8 GB RAM | 256 GB ROM17.22 cm (6.78 inch) Full HD+ Display200MP + 8MP | 50MP Front Camera7000 mAh BatteryDimensity 7300 Max Processor1 Year Manufacturer Warranty for Phone and 6 Months Warranty for In-Box Accessories,4.4
183,"OPPO Reno 12 Pro 5G (Manish Malhotra Limited Edition, 256 GB)","₹27,654",12 GB RAM | 256 GB ROM | Expandable Upto 1 TB17.02 cm (6.7 inch) Full HD+ Display50MP + 8MP + 50MP | 50MP Front Camera5000 mAh BatteryDimensity 7300 Energy Processor1 Year Manufacturer Warranty for Device and 6 Months Manufacturer Warranty for Inbox Accessories,4.4
184,"OPPO Reno11 5G (Rock Grey, 128 GB)","₹37,999",8 GB RAM | 128 GB ROM | Expandable Upto 2 TB17.02 cm (6.7 inch) Full HD+ Display50MP + 8MP + 32MP | 32MP Front Camera5000 mAh BatteryMediatek Dimensity 7050 Processor1 Year Manufacturer Warranty for Device and 6 Months Manufacturer Warranty for Inbox Accessories,4.3
185,"Samsung SM-A366E/DS (Awesome Lime, 128 GB)","₹35,867",8 GB RAM | 128 GB ROM17.02 cm (6.7 inch) Full HD+ Display50MP + 8MP | 12MP Front Camera5000 mAh BatteryQualcomm Snapdragon 6 Gen 3 Processor1 Year Manufacturer Warranty for Device and 6 Months for In-Box Accessories,4.3
186,"POCO F7 5G (Phantom Black, 512 GB)","₹39,116","12 GB RAM | 512 GB ROM17.35 cm (6.83 inch) Display50MP Rear Camera | 20MP Front Camera7550 mAh Li-Polymer + Silicon Carbon Battery8s Gen 4 ProcessorRear Camera -50MP Main Camera -8MP Ultra-wide Camera with night mode and ultra-wide video recordingFront camera -20MP with Portrait Mode | | Front Video Recording | Night ModeDisplay -6.83 inch 1.5K pOLED with 120 Hz refresh rateBattery 7550mAh, 90W charger, 22.5W reverse charging1 Year Manufacturer Warranty for Phone and 6 Months Warranty for In the Box Accessories",4.4
187,"Samsung Galaxy A55 5G (Awesome Navy, 256 GB)","₹35,490",8 GB RAM | 256 GB ROM | Expandable Upto 1 TB16.76 cm (6.6 inch) Full HD+ Display50MP + 12MP + 5MP | 32MP Front Camera5000 mAh BatteryExynos 1480 Processor1 Year Manufacturer Warranty for Device and 6 Months for In-Box Accessories,4.4
188,"realme GT 6T 5G (Fluid Silver, 512 GB)","₹37,999",12 GB RAM | 512 GB ROM17.22 cm (6.78 inch) Display50MP Rear Camera5500 mAh Battery1 Year,4.5
189,"realme GT 6T 5G (Razor Green, 256 GB)","₹38,990",8 GB RAM | 256 GB ROM17.22 cm (6.78 inch) Display50MP Rear Camera5500 mAh Battery1 Year,4.5
190,"realme Gt 7T (Racing Yellow, 256 GB)","₹39,999",12 GB RAM | 256 GB ROM17.27 cm (6.8 inch) Full HD+ AMOLED Display50MP + 50MP + 8MP | 32MP + 32MP Dual Front Camera7000 mAh BatteryDimensity Processorstandard 1-year warranty for the device itself and a 6-month warranty for accessories,4.4
191,"Samsung Galaxy A53 (Awesome Blue, 128 GB)","₹39,999",6 GB RAM | 128 GB ROM | Expandable Upto 1 TB16.51 cm (6.5 inch) Full HD+ Display64MP + 12MP + 5MP + 5MP | 32MP Front Camera5000 mAh Lithium Ion BatteryExynos Octa Core Processor Processor1 Year Manufacturer Warranty for Device and 6 Months Manufacturer Warranty for In-Box,4.1
192,"POCO X8 Pro (Iron man edition, 256 GB)","₹34,999",12 GB RAM | 256 GB ROM16.74 cm (6.59 inch) Full HD+ AMOLED Display50MP + 8MP | 20MP Front Camera6500 mAh Lithium-Ion Polymer With Silicon Carbon Technology BatteryDimensity 8500-Ultra Processor1 Year Manufacturer Warranty for Phone and 6 Months Warranty for In the Box Accessories,4.4
193,"Samsung Galaxy S24 FE 5G (Mint, 128 GB)","₹39,999",8 GB RAM | 128 GB ROM17.02 cm (6.7 inch) Full HD+ Display50MP + 12MP + 8MP | 10MP Front Camera4700 mAh BatteryExynos 2400e Processor1 Year Manufacturer Warranty for Device and 6 Months for In-Box Accessories,4.5
194,"IQOO 9 SE 5G (Space Fusion, 256 GB)","₹39,999",12 GB RAM | 256 GB ROM16.81 cm (6.62 inch) Display48MP + 48MP + 13MP + 2MP | 16MP + 16MP Dual Front Camera4500 mAh Battery1 Year,4.2
195,"Samsung Galaxy S24 FE 5G (Blue, 128 GB)","₹38,999",8 GB RAM | 128 GB ROM17.02 cm (6.7 inch) Full HD+ Display50MP + 12MP + 8MP | 10MP Front Camera4700 mAh BatteryExynos 2400e Processor1 Year Manufacturer Warranty for Device and 6 Months for In-Box Accessories,4.5
196,"OnePlus 11 5G (Eternal Green, 128 GB)","₹35,499",8 GB RAM | 128 GB ROM17.02 cm (6.7 inch) Display50MP Rear Camera | 16MP Front Camera5000 mAh Batterydomestic warranty of 12 months on phone & 6 months on accessories,4.4
197,"IQOO 9T 5G (ALPHA, 256 GB)","₹39,999",12 GB RAM | 256 GB ROM17.22 cm (6.78 inch) Display50MP Rear Camera4700 mAh Battery1 Year,4
198,"Samsung Galaxy A34 5G (Awesome Lime, 128 GB)","₹38,899","8 GB RAM | 128 GB ROM | Expandable Upto 1 TB16.76 cm (6.6 inch) Full HD+ Display48MP + 8MP + 5MP | 13MP Front Camera5000 mAh Li-ion Battery BatteryDimensity 1080, Octa Core Processor1 year manufacturer warranty for device and 6 months manufacturer warranty for in-box accessories",4.3
199,"vivo V60 8/256 BLUE (Moonlit Blue, 256 GB)","₹39,499",8 GB RAM | 256 GB ROM17.2 cm (6.77 inch) Display50MP Rear Camera6500 mAh Battery12 Month,4.4
200,"IQOO 11 5G (Alpha, 256 GB)","₹37,999",8 GB RAM | 256 GB ROM17.22 cm (6.78 inch) Full HD+ Display50MP + 50MP + 8MP + 13MP | 16MP Front Camera5000 mAh BatterySnapdragon 8 Gen 2 Mobile Platform Processor1 year manufacturer warranty,4.3
201,"Samsung Galaxy A34 5G (Awesome Graphite, 256 GB)","₹26,999","8 GB RAM | 256 GB ROM | Expandable Upto 1 TB16.76 cm (6.6 inch) Full HD+ Display48MP + 8MP + 5MP | 13MP Front Camera5000 mAh Li-ion Battery BatteryDimensity 1080, Octa Core Processor1 year manufacturer warranty for device and 6 months manufacturer warranty for in-box accessories",4.4
202,"OPPO Reno13 5G (Ivory White, 256 GB)","₹35,999",8 GB RAM | 256 GB ROM16.74 cm (6.59 inch) Display50MP + 8MP + 2MP | 50MP Front Camera5600 mAh BatteryDimensity 8350 Processor1 Year Warranty on Handset and 6 Months Warranty on Accessories,4.3
203,"OPPO Reno8 5G (Shimmer Black, 128 GB)","₹36,999",8 GB RAM | 128 GB ROM16.33 cm (6.43 inch) Full HD Display50MP + 8MP + 2MP | 32MP Front Camera4500 mAh Lithium-ion Polymer BatteryMediatek Dimensity 1300 Processor1 Year Warranty for Phone and 6 Months Warranty for In-Box Accessories,4.4
204,"POCO F7 5G (Cyber Silver Edition, 256 GB)","₹36,999","12 GB RAM | 256 GB ROM17.35 cm (6.83 inch) Display50MP Rear Camera | 20MP Front Camera7550 mAh Li-Polymer + Silicon Carbon Battery8s Gen 4 ProcessorRear Camera -50MP Main Camera -8MP Ultra-wide Camera with night mode and ultra-wide video recordingFront camera -20MP with Portrait Mode | | Front Video Recording | Night ModeDisplay -6.83 inch 1.5K pOLED with 120 Hz refresh rateBattery 7550mAh, 90W charger, 22.5W reverse charging1 Year Manufacturer Warranty for Phone and 6 Months Warranty for In the Box Accessories",4
205,"Infinix Zero Ultra (Genesis Noir, 256 GB)","₹35,560",8 GB RAM | 256 GB ROM17.27 cm (6.8 inch) Full HD+ Display200MP + 13MP + 2MP | 32MP Front Camera4500 mAh Lithium-ion Polymer BatteryMediatek Dimensity 920 Processor1 Year on Handset and 6 Months on Accessories,4.3
206,"Samsung A36 5G (Black, 256 GB)","₹15,499",8 GB RAM | 256 GB ROM17.02 cm (6.7 inch) Full HD+ Display50MP + 8MP | 5MP Dual Front Camera5000 mAh Battery1 Year Manufacturer Warranty for Device and 6 Months for In-Box Accessories,4.1
207,"Samsung Galaxy A54 5G (Awesome Graphite, 256 GB)","₹12,999","8 GB RAM | 256 GB ROM | Expandable Upto 1 TB16.26 cm (6.4 inch) Full HD+ Display50MP + 12MP + 5MP | 32MP Front Camera5000 mAh BatteryExynos 1380, Octa Core Processor1 Year Manufacturer Warranty for Device and 6 Months Manufacturer Warranty for In-Box Accessories",4.4
208,"Samsung Galaxy F70e 5G (Limelight Green, 128 GB)","₹15,499",4 GB RAM | 128 GB ROM | Expandable Upto 2 TB17.12 cm (6.74 inch) HD+ Display50MP + 2MP | 8MP Front Camera6000 mAh Li-ion BatteryDimensity 6300 Processor1 Year Manufacturer Warranty for Device and 6 Months for In-Box Accessories,4.1
209,"Ai+ Nova 2 5G (Blue, 64 GB)","₹17,499",4 GB RAM | 64 GB ROM | Expandable Upto 1 TB17.13 cm (6.745 inch) HD+ Display50MP Rear Camera | 8MP Front Camera6000 mAh BatteryT8200 Processor1 Year Warranty on Handset and 6 Months Warranty on the Inbox Accessories,4.2
210,"Samsung Galaxy F70e 5G (Spotlight Blue, 128 GB)","₹17,499",4 GB RAM | 128 GB ROM | Expandable Upto 2 TB17.12 cm (6.74 inch) HD+ Display50MP + 2MP | 8MP Front Camera6000 mAh Li-ion BatteryDimensity 6300 Processor1 Year Manufacturer Warranty for Device and 6 Months for In-Box Accessories,4.2
211,"Samsung Galaxy F70e 5G (Spotlight Blue, 128 GB)","₹16,999",6 GB RAM | 128 GB ROM | Expandable Upto 2 TB17.12 cm (6.74 inch) HD+ Display50MP + 2MP | 8MP Front Camera6000 mAh Li-ion BatteryDimensity 6300 Processor1 Year Manufacturer Warranty for Device and 6 Months for In-Box Accessories,4.3
212,"Samsung Galaxy F70e 5G (Limelight Green, 128 GB)","₹18,999",6 GB RAM | 128 GB ROM | Expandable Upto 2 TB17.12 cm (6.74 inch) HD+ Display50MP + 2MP | 8MP Front Camera6000 mAh Li-ion BatteryDimensity 6300 Processor1 Year Manufacturer Warranty for Device and 6 Months for In-Box Accessories,4.3
213,"OPPO K14x 5G (Prism Violet, 128 GB)","₹14,999",4 GB RAM | 128 GB ROM17.14 cm (6.75 inch) HD+ Display50MP + 2MP | 5MP; f/2.2; FOV 77°; 3P lens6500 mAh BatteryDimensity 6300 Processor1 Year Manufacturer Warranty for Device and 6 Months Manufacturer Warranty for Inbox Accessories,4.3
214,"OPPO K14x 5G (Prism Violet, 128 GB)",,6 GB RAM | 128 GB ROM17.14 cm (6.75 inch) HD+ Display50MP + 2MP | 5MP; f/2.2; FOV 77°; 3P lens6500 mAh BatteryDimensity 6300 Processor1 Year Manufacturer Warranty for Device and 6 Months Manufacturer Warranty for Inbox Accessories,
215,"OPPO K14x 5G (Prism Violet, 64 GB)",,4 GB RAM | 64 GB ROM17.14 cm (6.75 inch) HD+ Display50MP + 2MP | 5MP; f/2.2; FOV 77°; 3P lens6500 mAh BatteryDimensity 6300 Processor1 Year Manufacturer Warranty for Device and 6 Months Manufacturer Warranty for Inbox Accessories,
